{
    "medain": 517.0,
    "mean": 515.34,
    "mode": 13,
    "modeCount": 4,
    "geometryMean": 380.7549650068507,
    "harmonicMean": 128.44324746576942
}